<?xml version="1.0" encoding="UTF-8"?>
<!DOCTYPE codetemplates PUBLIC "-//NetBeans//DTD Editor Code Templates settings 1.0//EN" "http://www.netbeans.org/dtds/EditorCodeTemplates-1_0.dtd">
<codetemplates>
    <codetemplate abbreviation="mcdes" xml:space="preserve">
        <code><![CDATA[${varName} = null;
unset(${varName});]]></code>
        <description><![CDATA[手动销毁内存中的变量等内容]]></description>
    </codetemplate>
    <codetemplate abbreviation="throwmcex" xml:space="preserve">
        <code><![CDATA[throw new CustomArrayMessage(ConstantMessageCode::$parameter_error);]]></code>
    </codetemplate>
    <codetemplate abbreviation="vardef" xml:space="preserve">
        <code><![CDATA[/* @var ${varName} ${Type_Name} */]]></code>
    </codetemplate>
    <codetemplate abbreviation="mcfunc" xml:space="preserve">
        <code><![CDATA[$result = NULL;
  try {
        ${cursor}
  } catch (Exception $ex) {
      LogUtils::writeLogs($ex);
  }
  return $result;]]></code>
    </codetemplate>
    <codetemplate abbreviation="mctry" xml:space="preserve">
        <code><![CDATA[$SystemMessage = null;
$result = null;
try {
	$this->entityInit();
	$SystemMessage = new SystemMessage();
	$SystemMessage->setMessage(self::SUCCESS_CODE,$result);
} catch (CustomMessage $custom) {
	$SystemMessage->setMessage($custom->getMessage());
} catch (Exception $ex) {
	LogUtils::writeLogs($ex);
} finally {
	unset($SystemMessage);
}
return ResponseHelperClass::setAjaxResponse(new Response(), ResponseHelperClass::getAppAjaxResult());]]></code>
    </codetemplate>
    <codetemplate abbreviation="mycon" xml:space="preserve">
        <code><![CDATA[$$${CONLINK newVarName default="link"} = mysql_connect('localhost', 'mysql_user', 'mysql_password');  
if (!$$${CONLINK}) {
      die('Could not connect: ' . mysql_error());  
}  
echo 'Connected successfully';  
mysql_close($$${CONLINK});  
${cursor}  ]]></code>
    </codetemplate>
</codetemplates>
